{
    "accuracy": 0.97165,
    "loss": 0.0892871472495608
}