{
    "accuracy": 0.9732166666666666,
    "loss": 0.08638484860615184
}