{
    "accuracy": 0.9733999999999999,
    "loss": 0.08274680682613204
}