{
    "accuracy": 0.9933444444444445,
    "loss": 0.019204440442166137
}