{
    "accuracy": 0.9740055555555555,
    "loss": 0.08344078090507537
}