{
    "accuracy": 0.993138888888889,
    "loss": 0.019668471568487198
}